,Name,Team,Pos,Age,Actual Salary,Predicted Salary,Value Index
0,"Alcantara, Sandy",MIA,SP,26,3500000,6420307,183.43734285714285
1,"Anderson, Tyler",LAD,SP,32,716900,7451643,1039.4257218579996
2,"Archer, Chris",MIN,SP,33,2750000,9090485,330.56309090909093
3,"Ashcraft, Graham",CIN,SP,24,700000,2227994,318.28485714285716
4,"Bassitt, Chris",NYM,SP,33,8650000,11794847,136.356612716763
5,"Berrios, Jose",TOR,SP,28,10000000,6656006,66.56006
6,"Bieber, Shane",CLE,SP,27,6000000,3524720,58.745333333333335
7,"Blackburn, Paul",OAK,SP,28,710000,3320571,467.68605633802815
8,"Bradish, Kyle",BAL,SP,25,700000,1630822,232.9745714285714
9,"Brubaker, JT",PIT,SP,28,725000,4178168,576.2990344827587
10,"Bubic, Kris",KCR,SP,24,713750,-4816789,-674.8566024518389
11,"Bumgarner, Madison",ARI,SP,32,23000000,7305702,31.763921739130435
12,"Bundy, Dylan",MIN,SP,29,4000000,2567780,64.1945
13,"Burnes, Corbin",MIL,SP,27,6500000,8804340,135.45138461538463
14,"Carrasco, Carlos",NYM,SP,35,12000000,15019452,125.16210000000001
15,"Castillo, Luis",SEA,SP,29,7350000,10651851,144.92314285714286
16,"Cease, Dylan",CHW,SP,26,750000,4932080,657.6106666666667
17,"Clevinger, Mike",SDP,SP,31,6500000,9662662,148.65633846153844
18,"Cobb, Alex",SFG,SP,34,9000000,14860430,165.1158888888889
19,"Cole, Gerrit",NYY,SP,31,36000000,17577552,48.82653333333333
20,"Corbin, Patrick",WSN,SP,32,23000000,9181053,39.91762173913043
21,"Cortes, Nestor",NYY,SP,27,727500,4010896,551.325910652921
22,"Cueto, Johnny",CHW,SP,36,4200000,12571891,299.3307380952381
23,"Darvish, Yu",SDP,SP,35,20000000,19419986,97.09993
24,"Davies, Zach",ARI,SP,29,1500000,598879,39.925266666666666
25,"Detmers, Reid",LAA,SP,22,710000,-4020702,-566.2960563380282
26,"Dunning, Dane",TEX,SP,27,714000,-1268751,-177.69621848739496
27,"Eovaldi, Nathan",BOS,SP,32,17000000,16882953,99.31148823529412
28,"Fedde, Erick",WSN,SP,29,2150000,2374702,110.4512558139535
29,"Freeland, Kyle",COL,SP,29,7000000,945519,13.507414285714287
30,"Fried, Max",ATL,SP,28,6850000,7052839,102.96115328467152
31,"Gallen, Zac",ARI,SP,26,745600,4106669,550.7871512875537
32,"Garcia, Luis",HOU,SP,25,1251500,2434387,194.5175389532561
33,"Gausman, Kevin",TOR,SP,31,21000000,15147038,72.12875238095238
34,"Gibson, Kyle",PHI,SP,34,7000000,11326309,161.80441428571427
35,"Gilbert, Logan",SEA,SP,25,712300,3731735,523.8993401656605
36,"Giolito, Lucas",CHW,SP,27,7450000,2819251,37.842295302013426
37,"Gonsolin, Tony",LAD,SP,28,720000,5176119,718.9054166666667
38,"Gonzales, Marco",SEA,SP,30,5500000,939603,17.083690909090908
39,"Gray, Jon",TEX,SP,30,15000000,11533768,76.89178666666666
40,"Gray, Josiah",WSN,SP,24,703500,1950855,277.30703624733474
41,"Gray, Sonny",MIN,SP,32,10700000,9522569,88.99597196261682
42,"Greene, Hunter",CIN,SP,22,700000,5308448,758.3497142857143
43,"Greinke, Zack",KCR,SP,38,13000000,11877490,91.3653076923077
44,"Heasley, Jon",KCR,SP,25,700000,-1025588,-146.51257142857145
45,"Hill, Rich",BOS,SP,42,5000000,18945671,378.91342
46,"Houser, Adrian",MIL,SP,29,2425000,2485094,102.47810309278351
47,"Irvin, Cole",OAK,SP,28,705000,2658776,377.1313475177305
48,"Javier, Cristian",HOU,SP,25,749100,3572251,476.87238018956083
49,"Kaprielian, James",OAK,SP,28,705000,3409645,483.6375886524823
50,"Keller, Mitch",PIT,SP,26,725000,2047250,282.3793103448276
51,"Kelly, Merrill",ARI,SP,33,5250000,9725011,185.23830476190477
52,"Kershaw, Clayton",LAD,SP,34,14500000,14594150,100.64931034482758
53,"Kirby, George",SEA,SP,24,700000,5840326,834.3322857142857
54,"Kluber, Corey",TBR,SP,36,8000000,16013832,200.1729
55,"Kopech, Michael",CHW,SP,26,730000,2007399,274.98616438356163
56,"Kremer, Dean",BAL,SP,26,705500,583709,82.73692416725726
57,"Kuhl, Chad",COL,SP,29,3000000,3943777,131.45923333333334
58,"Lauer, Eric",MIL,SP,27,2425000,3724051,153.56911340206184
59,"Lodolo, Nick",CIN,SP,24,700000,2759780,394.2542857142857
60,"Lopez, Pablo",MIA,SP,26,2450000,2356440,96.18122448979591
61,"Luzardo, Jesus",MIA,SP,24,715000,3383119,473.16349650349656
62,"Lyles, Jordan",BAL,SP,31,5500000,6820068,124.00123636363635
63,"Lynch, Daniel",KCR,SP,25,703600,831696,118.20579874928936
64,"Lynn, Lance",CHW,SP,35,18500000,19977433,107.98612432432432
65,"Mahle, Tyler",MIN,SP,27,5200000,4060656,78.08953846153847
66,"Manaea, Sean",SDP,SP,30,9750000,6464628,66.30387692307693
67,"Manoah, Alek",TOR,SP,24,730000,-342138,-46.86821917808219
68,"Marquez, German",COL,SP,27,11000000,4036171,36.692463636363634
69,"McClanahan, Shane",TBR,SP,25,711400,7412573,1041.969777902727
70,"McKenzie, Triston",CLE,SP,24,707100,1006051,142.27846132088814
71,"Mikolas, Miles",STL,SP,33,15750000,12046922,76.48839365079365
72,"Montas, Frankie",NYY,SP,29,5025000,9348669,186.04316417910448
73,"Montgomery, Jordan",STL,SP,29,6000000,7562748,126.04580000000001
74,"Morton, Charlie",ATL,SP,38,20000000,22167665,110.838325
75,"Musgrove, Joe",SDP,SP,29,8625000,7698726,89.26059130434783
76,"Nola, Aaron",PHI,SP,29,15000000,11336027,75.57351333333332
77,"Odorizzi, Jake",ATL,SP,32,5000000,8309923,166.19846
78,"Ohtani, Shohei",LAA,SP,27,5500000,9675728,175.92232727272727
79,"Otto, Glenn",TEX,SP,26,700000,-686124,-98.01771428571429
80,"Perez, Martin",TEX,SP,31,4000000,5547663,138.691575
81,"Pivetta, Nick",BOS,SP,29,2650000,5849379,220.7312830188679
82,"Plesac, Zach",CLE,SP,27,2000000,1506707,75.33535
83,"Quantrill, Cal",CLE,SP,27,2510000,2224480,88.62470119521913
84,"Quintana, Jose",STL,SP,33,2000000,7395417,369.77085
85,"Rasmussen, Drew",TBR,SP,26,711800,5030786,706.769598201742
86,"Ray, Robbie",SEA,SP,30,21000000,9548592,45.46948571428571
87,"Rodon, Carlos",SFG,SP,29,21500000,10087045,46.91648837209302
88,"Rogers, Trevor",MIA,SP,24,722000,93621,12.966897506925207
89,"Ryan, Joe",MIN,SP,26,701650,2348049,334.6467612057293
90,"Sandoval, Patrick",LAA,SP,25,720000,-1826574,-253.69083333333333
91,"Scherzer, Max",NYM,SP,37,43333333,24943843,57.56271505817473
92,"Severino, Luis",NYY,SP,28,11000000,10390252,94.45683636363637
93,"Singer, Brady",KCR,SP,25,726250,2935304,404.1726678141136
94,"Skubal, Tarik",DET,SP,25,713600,2344657,328.56740470852014
95,"Smyly, Drew",CHC,SP,33,4250000,12469491,293.3997882352941
96,"Snell, Blake",SDP,SP,29,12500000,9629544,77.036352
97,"Springs, Jeffrey",TBR,SP,29,947500,7373714,778.2283905013193
98,"Steele, Justin",CHC,SP,26,705000,-723146,-102.57390070921986
99,"Strider, Spencer",ATL,SP,23,710000,5896082,830.4340845070423
100,"Stripling, Ross",TOR,SP,32,3790000,13528138,356.94295514511873
101,"Stroman, Marcus",CHC,SP,31,25000000,7928825,31.715300000000003
102,"Suarez, Jose",LAA,SP,24,720000,-1289647,-179.1176388888889
103,"Suarez, Ranger",PHI,SP,26,730000,-600481,-82.25767123287672
104,"Syndergaard, Noah",PHI,SP,29,21000000,5606419,26.69723333333333
105,"Taillon, Jameson",NYY,SP,30,5800000,10738795,185.1516379310345
106,"Urias, Julio",LAD,SP,25,8000000,2217153,27.7144125
107,"Urquidy, Jose",HOU,SP,27,748700,5379295,718.4847068251636
108,"Valdez, Framber",HOU,SP,28,3000000,4915285,163.84283333333335
109,"Verlander, Justin",HOU,SP,39,25000000,25487831,101.951324
110,"Wacha, Michael",BOS,SP,30,7000000,7799566,111.42237142857144
111,"Wainwright, Adam",STL,SP,40,17500000,14290338,81.65907428571428
112,"Walker, Taijuan",NYM,SP,29,7000000,5478461,78.26372857142857
113,"Webb, Logan",SFG,SP,25,730000,-1635052,-223.97972602739725
114,"Wells, Tyler",BAL,SP,27,704500,3523315,500.11568488289566
115,"Wheeler, Zack",PHI,SP,32,26000000,14847461,57.105619230769236
116,"Wood, Alex",SFG,SP,31,12500000,10940906,87.527248
117,"Woodruff, Brandon",MIL,SP,29,6800000,12179848,179.1154117647059
118,"Wright, Kyle",ATL,SP,26,720000,3693424,512.9755555555556
119,"Abreu, Bryan",HOU,RP,25,719600,1208517,167.9428849360756
120,"Acevedo, Domingo",OAK,RP,28,700000,752850,107.54999999999998
121,"Adam, Jason",TBR,RP,30,900000,3738557,415.39522222222223
122,"Akin, Keegan",BAL,RP,27,709500,342857,48.32374911909796
123,"Alvarado, Jose",PHI,RP,27,1900000,1961725,103.2486842105263
124,"Armstrong, Shawn",TBR,RP,31,700000,2973856,424.8365714285714
125,"Baker, Bryan",BAL,RP,27,700500,1409020,201.14489650249823
126,"Bard, Daniel",COL,RP,37,4400000,6503910,147.81613636363636
127,"Barlow, Scott",KCR,RP,29,2400000,2136841,89.03504166666667
128,"Barria, Jaime",LAA,RP,25,730000,-1063353,-145.66479452054796
129,"Bass, Anthony",TOR,RP,34,3000000,4505928,150.1976
130,"Bautista, Felix",BAL,RP,27,700000,2626450,375.20714285714286
131,"Bednar, David",PIT,RP,27,715000,2137271,298.919020979021
132,"Bellatti, Andrew",PHI,RP,30,700000,3473653,496.23614285714285
133,"Bickford, Phil",LAD,RP,26,700000,808657,115.52242857142858
134,"Boxberger, Brad",MIL,RP,34,1750000,4180020,238.8582857142857
135,"Brasier, Ryan",BOS,RP,34,1400000,4053416,289.5297142857143
136,"Brebbia, John",SFG,RP,32,837500,3129024,373.6148059701493
137,"Burke, Brock",TEX,RP,25,714000,797818,111.73921568627452
138,"Bush, Matt",MIL,RP,36,825000,5909075,716.2515151515152
139,"Castillo, Diego",SEA,RP,28,2150000,1169748,54.40688372093023
140,"Chafin, Andrew",DET,RP,32,5500000,3212524,58.40952727272727
141,"Chavez, Jesse",LAA,RP,38,1250000,5010191,400.81528000000003
142,"Cimber, Adam",TOR,RP,31,1575000,1325499,84.15866666666668
143,"Cishek, Steve",WSN,RP,36,1750000,4869025,278.23
144,"Clase, Emmanuel",CLE,RP,24,1500000,884775,58.985
145,"Coleman, Dylan",KCR,RP,25,700650,455838,65.05930207664312
146,"Crismatt, Nabil",SDP,RP,27,721500,138718,19.226334026334026
147,"Crowe, Wil",PIT,RP,27,715000,50223,7.024195804195804
148,"De Jong, Chase",PIT,RP,28,700000,1034436,147.77657142857143
149,"De Los Santos, Enyel",CLE,RP,26,700000,867392,123.91314285714286
150,"Diaz, Alexis",CIN,RP,25,700000,1734865,247.83785714285713
151,"Diaz, Edwin",NYM,RP,28,10200000,3320338,32.55233333333333
152,"Diekman, Jake",CHW,RP,35,3500000,4289699,122.56282857142857
153,"Dominguez, Seranthony",PHI,RP,27,725000,1647091,227.18496551724138
154,"Doval, Camilo",SFG,RP,24,703750,353764,50.268419182948485
155,"Duran, Jhoan",MIN,RP,24,700000,1150242,164.32028571428572
156,"Edwards Jr., Carl",WSN,RP,30,700000,1805806,257.9722857142857
157,"Effross, Scott",NYY,RP,28,701500,1202271,171.38574483250179
158,"Estevez, Carlos",COL,RP,29,3025000,2320022,76.69494214876032
159,"Festa, Matthew",SEA,RP,29,700000,1961289,280.1841428571429
160,"Finnegan, Kyle",WSN,RP,30,725900,2357213,324.7297148367544
161,"Floro, Dylan",MIA,RP,31,3000000,1967370,65.579
162,"Foley, Jason",DET,RP,26,701400,485647,69.2396635300827
163,"Fulmer, Michael",MIN,RP,29,4950000,2085883,42.139050505050506
164,"Gallegos, Giovanny",STL,RP,30,2410000,3573757,148.28867219917012
165,"Garcia, Jarlin",SFG,RP,29,1725000,1532987,88.8688115942029
166,"Garcia, Luis",SDP,RP,35,3000000,5762633,192.08776666666668
167,"Garcia, Yimi",TOR,RP,31,4000000,3620981,90.524525
168,"Givens, Mychal",NYM,RP,32,3500000,3281881,93.76802857142857
169,"Graveman, Kendall",CHW,RP,31,8000000,2766813,34.5851625
170,"Hader, Josh",SDP,RP,28,11000000,3243707,29.488245454545453
171,"Helsley, Ryan",STL,RP,27,722450,3817211,528.3702678386047
172,"Hendriks, Liam",CHW,RP,33,13000000,5440405,41.84926923076923
173,"Hentges, Sam",CLE,RP,25,702500,818873,116.56555160142348
174,"Herget, Jimmy",LAA,RP,28,720000,1107952,153.88222222222223
175,"Holmes, Clay",NYY,RP,29,1100000,4226625,384.2386363636364
176,"Hughes, Brandon",CHC,RP,26,700000,912640,130.37714285714287
177,"Iglesias, Raisel",ATL,RP,32,10000000,4330461,43.30461
178,"Jansen, Kenley",ATL,RP,34,16000000,5506079,34.41299375
179,"Jax, Griffin",MIN,RP,27,700000,1523888,217.69828571428573
180,"Jimenez, Joe",DET,RP,27,1790000,1851097,103.41324022346367
181,"Kennedy, Ian",ARI,RP,37,4500000,4309668,95.7704
182,"Kimbrel, Craig",LAD,RP,34,16000000,5321948,33.262175
183,"King, John",TEX,RP,27,714000,672277,94.1564425770308
184,"King, Michael",NYY,RP,27,722500,1552437,214.87017301038063
185,"Kuhnel, Joel",CIN,RP,27,700000,1051065,150.15214285714288
186,"Lange, Alex",DET,RP,26,703700,955286,135.75188290464686
187,"Lee, Dylan",ATL,RP,27,700000,1030452,147.20742857142858
188,"Leiter Jr., Mark",CHC,RP,31,700000,2696120,385.15999999999997
189,"Lopez, Jorge",MIN,RP,29,1500000,2547649,169.84326666666666
190,"Lopez, Reynaldo",CHW,RP,28,2625000,1927553,73.43059047619047
191,"Loup, Aaron",LAA,RP,34,7500000,3517559,46.90078666666667
192,"Luetge, Lucas",NYY,RP,35,905000,4139941,457.452044198895
193,"Lugo, Seth",NYM,RP,32,3925000,3166043,80.66351592356688
194,"Machado, Andres",WSN,RP,29,708200,870272,122.88506071731149
195,"Mantiply, Joe",ARI,RP,31,717000,514919,71.81576011157601
196,"Martin, Chris",LAD,RP,36,2500000,2476635,99.0654
197,"Martinez, Nick",SDP,RP,31,4000000,2532870,63.32175
198,"Maton, Phil",HOU,RP,29,1550000,1565999,101.03219354838711
199,"McHugh, Collin",ATL,RP,35,4000000,4649410,116.23525
200,"Melancon, Mark",ARI,RP,37,6000000,3478551,57.975849999999994
201,"Milner, Hoby",MIL,RP,31,705100,1916594,271.8187491136009
202,"Minter, A.J.",ATL,RP,28,2200000,3164800,143.85454545454544
203,"Montero, Rafael",HOU,RP,31,2725000,3515435,129.0067889908257
204,"Moore, Matt",TEX,RP,33,2500000,3777642,151.10568
205,"Morgan, Eli",CLE,RP,26,702100,450880,64.21877225466459
206,"Munoz, Andres",SEA,RP,23,750000,1067651,142.35346666666666
207,"Murfee, Penn",SEA,RP,28,700000,1310613,187.23042857142858
208,"Neris, Hector",HOU,RP,33,8000000,4940091,61.7511375
209,"Okert, Steven",MIA,RP,30,709000,2826188,398.6160789844852
210,"Ottavino, Adam",NYM,RP,36,4000000,5526705,138.167625
211,"Pagan, Emilio",MIN,RP,31,2300000,2973967,129.30291304347824
212,"Pallante, Andre",STL,RP,23,700000,-1291465,-184.495
213,"Payamps, Joel",OAK,RP,28,708750,883669,124.67992945326279
214,"Peralta, Wandy",NYY,RP,30,2150000,2278344,105.96948837209301
215,"Perez, Cionel",BAL,RP,26,705000,746764,105.92397163120569
216,"Phelps, David",TOR,RP,35,1750000,4246822,242.67554285714286
217,"Phillips, Evan",LAD,RP,27,720000,2514245,349.2006944444444
218,"Poche, Colin",TBR,RP,28,700000,1485922,212.27457142857142
219,"Pruitt, Austin",OAK,RP,32,700000,1621647,231.66385714285713
220,"Puk, A.J.",OAK,RP,27,705000,1846344,261.89276595744684
221,"Raley, Brooks",TBR,RP,34,4250000,3957544,93.11868235294118
222,"Ramirez, Erasmo",WSN,RP,32,700000,2026263,289.46614285714287
223,"Richards, Trevor",TOR,RP,29,1000000,1972538,197.25379999999998
224,"Robertson, David",PHI,RP,37,3500000,5504100,157.26
225,"Rodriguez, Joely",NYM,RP,30,2000000,1329358,66.4679
226,"Rogers, Taylor",MIL,RP,31,7300000,3930648,53.84449315068493
227,"Rogers, Tyler",SFG,RP,31,730000,831987,113.97082191780822
228,"Romano, Jordan",TOR,RP,29,710400,3274298,460.9090653153153
229,"Rucker, Michael",CHC,RP,28,702500,1005384,143.11516014234874
230,"Ruiz, Jose",CHW,RP,27,720000,905774,125.80194444444443
231,"Santana, Dennis",TEX,RP,26,720000,491294,68.23527777777778
232,"Schreiber, John",BOS,RP,28,700000,2317963,331.1375714285714
233,"Scott, Tanner",MIA,RP,27,1050000,198921,18.944857142857146
234,"Sewald, Paul",SEA,RP,32,1735000,3872823,223.21746397694525
235,"Smith, Caleb",ARI,RP,30,2000000,1425640,71.282
236,"Smith, Will",HOU,RP,32,13000000,2980867,22.929746153846153
237,"Soto, Gregory",DET,RP,27,722400,1558236,215.70265780730895
238,"Stanek, Ryne",HOU,RP,30,2100000,2611771,124.37004761904763
239,"Stephan, Trevor",CLE,RP,26,703400,1619035,230.17273244242253
240,"Stephens, Jackson",ATL,RP,28,700000,817501,116.78585714285714
241,"Stephenson, Robert",PIT,RP,29,1280000,1953409,152.610078125
242,"Stratton, Chris",STL,RP,31,2700000,2261294,83.75162962962963
243,"Strickland, Hunter",CIN,RP,33,1825000,3820929,209.36597260273976
244,"Suter, Brent",MIL,RP,32,2700000,1264681,46.840037037037035
245,"Swanson, Erik",SEA,RP,28,711600,2239112,314.6587970770096
246,"Tate, Dillon",BAL,RP,28,711500,1425152,200.30245959241043
247,"Tepera, Ryan",LAA,RP,34,7000000,3230918,46.155971428571426
248,"Thielbar, Caleb",MIN,RP,35,1300000,5518510,424.5007692307692
249,"Trivino, Lou",NYY,RP,30,3000000,2266362,75.5454
250,"Underwood Jr., Duane",PIT,RP,27,725000,1034703,142.7176551724138
251,"Vesia, Alex",LAD,RP,26,720000,1714034,238.0602777777778
252,"Vest, Will",DET,RP,27,700000,722304,103.18628571428572
253,"Wick, Rowan",CHC,RP,29,724000,1022304,141.2022099447514
254,"Williams, Devin",MIL,RP,27,714500,1765079,247.0369489153254
255,"Williams, Trevor",NYM,RP,30,3900000,2131184,54.64574358974359
256,"Wilson, Steven",SDP,RP,27,700000,1435946,205.13514285714285
257,"Barnhart, Tucker",DET,C,31,7750000,441538,5.6972645161290325
258,"Bethancourt, Christian",TBR,C,30,700000,6267187,895.3124285714285
259,"Caratini, Victor",MIL,C,28,2000000,3813507,190.67535
260,"Contreras, William",ATL,C,24,710000,-2331273,-328.3483098591549
261,"Contreras, Willson",CHC,C,30,9625000,11762959,122.21256103896103
262,"d'Arnaud, Travis",ATL,C,33,8000000,8448448,105.60560000000001
263,"Diaz, Elias",COL,C,31,3000000,6129027,204.3009
264,"Grandal, Yasmani",CHW,C,33,18250000,9751124,53.43081643835617
265,"Haase, Eric",DET,C,29,710400,773559,108.890625
266,"Hedges, Austin",CLE,C,29,4000000,2881191,72.029775
267,"Heim, Jonah",TEX,C,27,714000,940524,131.72605042016806
268,"Kelly, Carson",ARI,C,27,3325000,2105750,63.33082706766917
269,"Kirk, Alejandro",TOR,C,23,714000,-819900,-114.83193277310923
270,"Maldonado, Martin",HOU,C,35,5000000,9881131,197.62261999999998
271,"Melendez, MJ",KCR,C,23,700000,349132,49.876
272,"Murphy, Sean",OAK,C,27,725000,5350291,737.9711724137932
273,"Nido, Tomas",NYM,C,28,890000,305904,34.37123595505618
274,"Nola, Austin",SDP,C,32,726900,8522895,1172.4989682212133
275,"Perez, Salvador",KCR,C,32,18000000,10223148,56.79526666666666
276,"Raleigh, Cal",SEA,C,25,702900,904860,128.73239436619718
277,"Realmuto, J.T.",PHI,C,31,23875000,15689860,65.71669109947645
278,"Ruiz, Keibert",WSN,C,23,701300,127255,18.14558676743191
279,"Rutschman, Adley",BAL,C,24,700000,27856,3.979428571428571
280,"Sanchez, Gary",MIN,C,29,9000000,7764914,86.27682222222222
281,"Smith, Will",LAD,C,27,730000,7338824,1005.3183561643837
282,"Stallings, Jacob",MIA,C,32,2450000,5094793,207.95073469387754
283,"Stassi, Max",LAA,C,31,3000000,5983128,199.4376
284,"Trevino, Jose",NYY,C,29,720000,2101394,291.86027777777775
285,"Vazquez, Christian",HOU,C,31,7000000,4590462,65.57802857142858
286,"Abreu, Jose",CHW,1B,35,19666668,19697106,100.15476948103257
287,"Aguilar, Jesus",BAL,1B,32,700000,5670087,810.0124285714285
288,"Alonso, Pete",NYM,1B,27,7400000,11375205,153.7189864864865
289,"Arraez, Luis",MIN,1B,25,2125000,7421530,349.2484705882353
290,"Bell, Josh",SDP,1B,29,10000000,10926503,109.26503000000001
291,"Brown, Seth",OAK,1B,29,705000,4420309,626.9941843971632
292,"Castro, Harold",DET,1B,28,1275000,1039526,81.53145098039217
293,"Chavis, Michael",PIT,1B,26,725000,-2842014,-392.00193103448277
294,"Choi, Ji-Man",TBR,1B,31,3200000,6518574,203.7054375
295,"Cooper, Garrett",MIA,1B,31,2500000,6597398,263.89592
296,"Cron, C.J.",COL,1B,32,7250000,8369583,115.44252413793103
297,"Dalbec, Bobby",BOS,1B,27,714000,1279395,179.18697478991595
298,"France, Ty",SEA,1B,27,734500,4689265,638.42954390742
299,"Freeman, Freddie",LAD,1B,32,27000000,23664244,87.64534814814814
300,"Goldschmidt, Paul",STL,1B,34,26300000,22641013,86.08750190114068
301,"Guerrero Jr., Vladimir",TOR,1B,23,7900000,1930515,24.436898734177216
302,"Gurriel, Yuli",HOU,1B,38,8000000,14123507,176.5438375
303,"Hoskins, Rhys",PHI,1B,29,7700000,9399943,122.07718181818181
304,"Hosmer, Eric",BOS,1B,32,19753846,9001678,45.56924256673865
305,"Lowe, Nathaniel",TEX,1B,26,716000,8169285,1140.961592178771
306,"Miller, Owen",CLE,1B,25,701100,-142796,-20.367422621594635
307,"Miranda, Jose",MIN,1B,24,596130,-261281,-43.82953382651435
308,"Mountcastle, Ryan",BAL,1B,25,711000,2019939,284.0983122362869
309,"Naylor, Josh",CLE,1B,25,1200000,-2505864,-208.82200000000003
310,"Olson, Matt",ATL,1B,28,15000000,9203017,61.35344666666667
311,"Rizzo, Anthony",NYY,1B,32,16000000,7200816,45.0051
312,"Santana, Carlos",SEA,1B,36,11175000,15814299,141.5149798657718
313,"Tellez, Rowdy",MIL,1B,27,1940000,4952255,255.2708762886598
314,"Torkelson, Spencer",DET,1B,22,700000,-2772552,-396.07885714285715
315,"Votto, Joey",CIN,1B,38,25000000,17367330,69.46932
316,"Walker, Christian",ARI,1B,31,2600000,5817685,223.7571153846154
317,"Walsh, Jared",LAA,1B,28,730000,-67265,-9.214383561643835
318,"Altuve, Jose",HOU,2B,32,29000000,25502341,87.93910689655172
319,"Cronenworth, Jake",SDP,2B,28,757200,3436031,453.7811674590597
320,"Espinal, Santiago",TOR,2B,27,723550,-1669615,-230.7532305991293
321,"Estrada, Thairo",SFG,2B,26,715000,5432993,759.8591608391608
322,"Flores, Wilmer",SFG,2B,30,3500000,7462089,213.20254285714287
323,"Frazier, Adam",SEA,2B,30,8000000,8980306,112.253825
324,"Garcia, Leury",CHW,2B,31,5500000,783126,14.238654545454546
325,"Gimenez, Andres",CLE,2B,23,706600,3672841,519.7906878007359
326,"Gorman, Nolan",STL,2B,22,3500000,677767,19.36477142857143
327,"Guillorme, Luis",NYM,2B,27,875000,-3115973,-356.1112
328,"Harrison, Josh",CHW,2B,34,4000000,8033468,200.83669999999998
329,"Hernandez, Cesar",WSN,2B,32,4500000,6663367,148.07482222222222
330,"India, Jonathan",CIN,2B,25,760000,-2606278,-342.9313157894737
331,"Kemp, Tony",OAK,2B,30,2250000,2439242,108.41075555555555
332,"Lopez, Nicky",KCR,2B,27,2550000,432308,16.953254901960786
333,"Lux, Gavin",LAD,2B,24,720000,2829855,393.03541666666666
334,"Marte, Ketel",ARI,2B,28,8600000,8237240,95.78186046511628
335,"McNeil, Jeff",NYM,2B,30,3000000,1505594,50.18646666666666
336,"Odor, Rougned",BAL,2B,28,700000,3450947,492.9924285714286
337,"Polanco, Jorge",MIN,2B,28,5500000,10748301,195.42365454545455
338,"Rengifo, Luis",LAA,2B,25,700000,-591124,-84.44628571428572
339,"Rodgers, Brendan",COL,2B,25,710000,569213,80.17084507042253
340,"Schoop, Jonathan",DET,2B,30,7500000,12629582,168.39442666666667
341,"Segura, Jean",PHI,2B,32,14850000,11813465,79.55195286195286
342,"Semien, Marcus",TEX,2B,31,25000000,19716288,78.86515200000001
343,"Story, Trevor",BOS,2B,29,20000000,14390566,71.95283
344,"Toro, Abraham",SEA,2B,25,638067,1182975,185.39980911095543
345,"Torres, Gleyber",NYY,2B,25,6250000,6595645,105.53032
346,"Wong, Kolten",MIL,2B,31,8500000,10802847,127.09231764705882
347,"Anderson, Brian",MIA,3B,29,4475000,1232817,27.548983240223464
348,"Arenado, Nolan",STL,3B,31,35075000,32203376,91.8129037776194
349,"Bohm, Alec",PHI,3B,25,715000,-2479374,-346.7655944055944
350,"Bregman, Alex",HOU,3B,28,12666666,17750270,140.13371790177462
351,"Candelario, Jeimer",DET,3B,28,5800000,-224446,-3.8697586206896553
352,"Chapman, Matt",TOR,3B,29,12500000,14525224,116.201792
353,"Devers, Rafael",BOS,3B,25,11200000,6458372,57.66403571428571
354,"Diaz, Yandy",TBR,3B,30,2800000,5815341,207.69074999999998
355,"Donaldson, Josh",NYY,3B,36,23000000,20876017,90.76529130434783
356,"Drury, Brandon",SDP,3B,29,900000,6902847,766.9830000000001
357,"Escobar, Eduardo",NYM,3B,33,10000000,14581093,145.81093
358,"Franco, Maikel",WSN,3B,29,1250000,6322041,505.76328
359,"Hayes, Ke'Bryan",PIT,3B,25,10000000,9232165,92.32165
360,"LeMahieu, DJ",NYY,3B,33,15000000,12719604,84.79736
361,"Machado, Manny",SDP,3B,29,32000000,27000201,84.375628125
362,"McMahon, Ryan",COL,3B,27,5000000,8505870,170.1174
363,"Moncada, Yoan",CHW,3B,27,13800000,6698254,48.53807246376812
364,"Muncy, Max",LAD,3B,31,11500000,6694453,58.212634782608696
365,"Paredes, Isaac",TBR,3B,23,700000,1462629,208.947
366,"Peterson, Jace",MIL,3B,32,1825000,8191435,448.8457534246575
367,"Ramirez, Jose",CLE,3B,29,22000000,17790501,80.86591363636364
368,"Riley, Austin",ATL,3B,25,3950000,5969562,151.1281518987342
369,"Rivera, Emmanuel",ARI,3B,26,700000,-3352634,-478.94771428571426
370,"Rojas, Josh",ARI,3B,28,730900,4014636,549.2729511561089
371,"Suarez, Eugenio",SEA,3B,30,11285714,14463331,128.15610071281267
372,"Turner, Justin",LAD,3B,37,20000000,15440657,77.203285
373,"Urias, Luis",MIL,3B,25,2550000,1965659,77.08466666666666
374,"Urias, Ramon",BAL,3B,28,705500,10688954,1515.0891566265059
375,"Urshela, Gio",MIN,3B,30,6550000,7543058,115.16119083969465
376,"Wisdom, Patrick",CHC,3B,30,730000,416852,57.103013698630136
377,"Abrams, CJ",WSN,SS,21,700000,-6649053,-949.8647142857143
378,"Adames, Willy",MIL,SS,26,4600000,15713837,341.60515217391304
379,"Allen, Nick",OAK,SS,23,700000,-3912813,-558.9732857142857
380,"Anderson, Tim",CHW,SS,29,9500000,9370653,98.63845263157894
381,"Andrus, Elvis",CHW,SS,33,700000,12179085,1739.8692857142858
382,"Baez, Javier",DET,SS,29,20000000,6026516,30.132579999999997
383,"Bichette, Bo",TOR,SS,24,825000,13800034,1672.7313939393941
384,"Bogaerts, Xander",BOS,SS,29,20000000,15369252,76.84626
385,"Correa, Carlos",MIN,SS,27,35100000,20304986,57.84896296296296
386,"Crawford, Brandon",SFG,SS,35,16000000,11924923,74.53076875
387,"Crawford, J.P.",SEA,SS,27,6000000,10925840,182.09733333333332
388,"Cruz, Oneil",PIT,SS,23,700000,922665,131.80928571428572
389,"Edman, Tommy",STL,SS,27,722900,8519678,1178.541707013418
390,"Farmer, Kyle",CIN,SS,31,3155000,12386180,392.5889064976228
391,"Franco, Wander",TBR,SS,21,1454545,3641285,250.33842198075686
392,"Garcia, Luis",WSN,SS,22,700000,2827163,403.8804285714286
393,"Hoerner, Nico",CHC,SS,25,720000,4347367,603.8009722222222
394,"Iglesias, Jose",COL,SS,32,5000000,7768151,155.36302
395,"Kim, Ha-seong",SDP,SS,26,7000000,8275398,118.21997142857144
396,"Kiner-Falefa, Isiah",NYY,SS,27,4700000,3105405,66.07244680851065
397,"Lindor, Francisco",NYM,SS,28,34100000,17014792,49.89675073313783
398,"Mateo, Jorge",BAL,SS,27,709500,-807776,-113.85144467935166
399,"Pena, Jeremy",HOU,SS,24,700000,5489423,784.2032857142857
400,"Perdomo, Geraldo",ARI,SS,22,701300,-971102,-138.47169542278627
401,"Rojas, Miguel",MIA,SS,33,5500000,9253354,168.24280000000002
402,"Rosario, Amed",CLE,SS,26,4950000,4053002,81.87882828282828
403,"Seager, Corey",TEX,SS,28,33000000,25243185,76.4945
404,"Stott, Bryson",PHI,SS,24,700000,1847801,263.97157142857145
405,"Swanson, Dansby",ATL,SS,28,10000000,17586186,175.86185999999998
406,"Turner, Trea",LAD,SS,29,21000000,15625126,74.4053619047619
407,"Velazquez, Andrew",LAA,SS,27,700000,-2589530,-369.93285714285713
408,"Walls, Taylor",TBR,SS,25,704000,-1338524,-190.13125
409,"Witt Jr., Bobby",KCR,SS,22,700000,4489746,641.3922857142858
410,"Acuna Jr., Ronald",ATL,OF,24,15000000,5179076,34.52717333333333
411,"Arozarena, Randy",TBR,OF,27,716600,5963063,832.1327100195367
412,"Bader, Harrison",NYY,OF,28,4700000,3061620,65.14085106382979
413,"Bellinger, Cody",LAD,OF,26,17000000,3604630,21.203705882352942
414,"Benintendi, Andrew",NYY,OF,27,8500000,5089241,59.87342352941176
415,"Betts, Mookie",LAD,OF,29,17500000,13694223,78.25270285714285
416,"Bradley Jr., Jackie",TOR,OF,32,700000,3782049,540.2927142857143
417,"Brown, Seth",OAK,OF,29,705000,9365465,1328.4347517730498
418,"Buxton, Byron",MIN,OF,28,9000000,8771584,97.46204444444444
419,"Calhoun, Kole",TEX,OF,34,5200000,7945508,152.79823076923077
420,"Canha, Mark",NYM,OF,33,12000000,10222819,85.19015833333333
421,"Carlson, Dylan",STL,OF,23,703000,1198186,170.43897581792316
422,"Castellanos, Nick",PHI,OF,30,20000000,6593795,32.968975
423,"Castro, Willi",DET,OF,25,661512,1141793,172.60352041988656
424,"Celestino, Gilberto",MIN,OF,23,702850,-3018546,-429.4722913850751
425,"Daza, Yonathan",COL,OF,28,705000,3486727,494.5712056737588
426,"De La Cruz, Bryan",MIA,OF,25,706000,2785485,394.5446175637394
427,"Duvall, Adam",ATL,OF,33,9275000,7322304,78.94667385444744
428,"Gallo, Joey",LAD,OF,28,10275000,6012899,58.519698296836985
429,"Gamel, Ben",PIT,OF,30,1800000,6810617,378.3676111111111
430,"Garcia, Adolis",TEX,OF,29,714000,10615207,1486.7236694677872
431,"Garcia, Avisail",MIA,OF,31,12000000,4683841,39.03200833333334
432,"Gonzalez, Luis",SFG,OF,26,700000,1657261,236.75157142857142
433,"Gonzalez, Oscar",CLE,OF,24,700000,810980,115.85428571428571
434,"Gordon, Nick",MIN,OF,26,706800,3012762,426.25382003395583
435,"Greene, Riley",DET,OF,21,700000,-2932373,-418.91042857142855
436,"Grichuk, Randal",COL,OF,30,9333333,5745516,61.559102198539364
437,"Grisham, Trent",SDP,OF,25,729300,1435366,196.8142054024407
438,"Grossman, Robbie",ATL,OF,32,5000000,5720803,114.41606
439,"Gurriel Jr., Lourdes",TOR,OF,28,4500000,3232259,71.82797777777778
440,"Happ, Ian",CHC,OF,27,6850000,5452846,79.60359124087591
441,"Harris II, Michael",ATL,OF,21,700000,1924489,274.927
442,"Hays, Austin",BAL,OF,26,713000,4049937,568.0136044880785
443,"Hernandez, Enrique",BOS,OF,30,8000000,4144266,51.803325
444,"Hernandez, Teoscar",TOR,OF,29,10650000,9176771,86.16686384976526
445,"Hernandez, Yadiel",WSN,OF,34,714000,8345329,1168.8135854341735
446,"Hicks, Aaron",NYY,OF,32,10500000,8673401,82.60381904761904
447,"Joe, Connor",COL,OF,29,702000,6178279,880.0967236467237
448,"Judge, Aaron",NYY,OF,30,19000000,24215600,127.45052631578947
449,"Kepler, Max",MIN,OF,29,6750000,5023451,74.4214962962963
450,"Kwan, Steven",CLE,OF,24,700000,3301671,471.6672857142857
451,"Laureano, Ramon",OAK,OF,27,2450000,4855848,198.1978775510204
452,"Margot, Manuel",TBR,OF,27,5600000,2621699,46.816053571428576
453,"Marsh, Brandon",PHI,OF,24,710000,-192459,-27.106901408450707
454,"Marte, Starling",NYM,OF,33,14500000,11976810,82.59868965517242
455,"McCarthy, Jake",ARI,OF,24,702400,2421567,344.7561218678815
456,"McCormick, Chas",HOU,OF,27,703800,3501091,497.4553850525718
457,"Merrifield, Whit",TOR,OF,33,7000000,9365808,133.79725714285715
458,"Morel, Christopher",CHC,OF,23,700000,2939303,419.90042857142856
459,"Mullins II, Cedric",BAL,OF,27,716500,5115732,713.989113747383
460,"Naquin, Tyler",NYM,OF,31,2521180,7601240,301.49533155109907
461,"Nimmo, Brandon",NYM,OF,29,7000000,9688592,138.40845714285715
462,"Nootbaar, Lars",STL,OF,24,705200,4454171,631.6181225184346
463,"O'Neill, Tyler",STL,OF,27,3400000,5264101,154.8265
464,"Ortega, Rafael",CHC,OF,31,738500,7029116,951.809884901828
465,"Pederson, Joc",SFG,OF,30,6000000,11610385,193.50641666666667
466,"Peralta, David",TBR,OF,34,8000000,8833749,110.42186249999999
467,"Pham, Tommy",BOS,OF,34,6000000,11833061,197.21768333333333
468,"Pinder, Chad",OAK,OF,30,2725000,4815213,176.7050642201835
469,"Pollock, A.J.",CHW,OF,34,11500000,9690587,84.26597391304348
470,"Profar, Jurickson",SDP,OF,29,6500000,8937243,137.49604615384615
471,"Renfroe, Hunter",MIL,OF,30,7650000,9286754,121.39547712418302
472,"Reyes, Victor",DET,OF,27,1400000,1093385,78.09892857142857
473,"Reynolds, Bryan",PIT,OF,27,6750000,9339309,138.36013333333332
474,"Robert, Luis",CHW,OF,24,6000000,1783605,29.726750000000003
475,"Robles, Victor",WSN,OF,25,1650000,-1024907,-62.115575757575755
476,"Rodriguez, Julio",SEA,OF,21,700000,3514176,502.02514285714284
477,"Sanchez, Jesus",MIA,OF,24,709000,1284637,181.18998589562764
478,"Santander, Anthony",BAL,OF,27,3150000,8746793,277.6759682539683
479,"Schwarber, Kyle",PHI,OF,29,19000000,16124627,84.86645789473684
480,"Senzel, Nick",CIN,OF,27,1250000,2084122,166.72976
481,"Sheets, Gavin",CHW,OF,26,671067,1436430,214.0516520705086
482,"Siri, Jose",TBR,OF,26,704000,362380,51.47443181818182
483,"Slater, Austin",SFG,OF,29,1850000,7049499,381.05400000000003
484,"Soler, Jorge",MIA,OF,30,12000000,5741506,47.84588333333333
485,"Soto, Juan",SDP,OF,23,17100000,10720606,62.69360233918129
486,"Springer, George",TOR,OF,32,28000000,13824843,49.37443928571428
487,"Straw, Myles",CLE,OF,27,1250000,1805326,144.42607999999998
488,"Suwinski, Jack",PIT,OF,23,700000,1313587,187.65528571428572
489,"Suzuki, Seiya",CHC,OF,27,7000000,5990684,85.5812
490,"Tapia, Raimel",TOR,OF,28,3950000,3882498,98.29108860759493
491,"Taveras, Leody",TEX,OF,23,700000,-1851243,-264.46328571428575
492,"Taylor, Chris",LAD,OF,31,15000000,7396906,49.312706666666664
493,"Taylor, Michael A.",KCR,OF,31,4500000,5550340,123.3408888888889
494,"Taylor, Tyrone",MIL,OF,28,711100,4724592,664.4061313458022
495,"Thomas, Alek",ARI,OF,22,542286,-3232965,-596.1734214049412
496,"Thomas, Lane",WSN,OF,26,723600,3691085,510.1001934770592
497,"Trout, Mike",LAA,OF,30,35450000,14007155,39.512425952045135
498,"Tucker, Kyle",HOU,OF,25,764200,8360651,1094.0396493064643
499,"Varsho, Daulton",ARI,OF,25,721700,3785680,524.5503671885825
500,"Vaughn, Andrew",CHW,OF,24,715000,2830762,395.91076923076923
501,"Verdugo, Alex",BOS,OF,26,3550000,3988328,112.3472676056338
502,"Vierling, Matt",PHI,OF,25,704000,2029542,288.28721590909095
503,"Ward, Taylor",LAA,OF,28,720000,8881290,1233.5125
504,"Winker, Jesse",SEA,OF,28,6250000,7063001,113.00801599999998
505,"Yastrzemski, Mike",SFG,OF,31,3700000,8916335,240.98202702702704
506,"Yelich, Christian",MIL,OF,30,26000000,10276507,39.52502692307692
507,"Alvarez, Yordan",HOU,DH,25,764600,1820981,238.16126078995552
508,"Blackmon, Charlie",COL,DH,35,21000000,15288257,72.8012238095238
509,"Cabrera, Miguel",DET,DH,39,32000000,13037892,40.7434125
510,"Cooper, Garrett",MIA,DH,31,2500000,7248134,289.92536
511,"Cruz, Nelson",WSN,DH,41,12000000,17208427,143.40355833333334
512,"Davis, J.D.",SFG,DH,29,1789440,9480530,529.804296316166
513,"Harper, Bryce",PHI,DH,29,26000000,6655955,25.599826923076925
514,"Jimenez, Eloy",CHW,DH,25,6500000,2659197,40.91072307692308
515,"Mancini, Trey",HOU,DH,30,4821415,8129196,168.60602126139318
516,"Martinez, J.D.",BOS,DH,34,19350000,11974284,61.88260465116279
517,"McCutchen, Andrew",MIL,DH,35,8500000,11881462,139.78190588235293
518,"Ohtani, Shohei",LAA,DH,27,5500000,10172172,184.94858181818182
519,"Ozuna, Marcell",ATL,DH,31,16000000,18486434,115.5402125
520,"Pujols, Albert",STL,DH,42,2500000,13173805,526.9522000000001
521,"Ramirez, Harold",TBR,DH,27,728000,2923740,401.6126373626373
522,"Reyes, Franmil",CHC,DH,26,4550000,9731996,213.890021978022
523,"Ruf, Darin",NYM,DH,35,3000000,11762935,392.0978333333333
524,"Solano, Donovan",CIN,DH,34,4500000,7887711,175.28246666666666
525,"Stanton, Giancarlo",NYY,DH,32,29000000,14423648,49.73671724137931
526,"Vogelbach, Daniel",NYM,DH,29,800000,956274,119.53425
527,"Voit, Luke",WSN,DH,31,5450000,12350413,226.61308256880736
