Name,Team,Pos,Age,K/BB,SIERA,xFIP,FBv,WAR
"Nola, Aaron",PHI,SP,29,8.1,2.8,2.77,92.6,6.3
"Wainwright, Adam",STL,SP,40,2.65,4.34,4.1,88.5,2.8
"Houser, Adrian",MIL,SP,29,1.43,5.09,4.7,93.9,1
"Manoah, Alek",TOR,SP,24,3.53,3.85,3.97,93.6,4.1
"Cobb, Alex",SFG,SP,34,3.51,3.15,2.89,94.8,3.7
"Wood, Alex",SFG,SP,31,4.37,3.45,3.41,92.4,1.7
"Snell, Blake",SDP,SP,29,3.35,3.2,3.21,95.9,3.7
"Keller, Brad",KCR,SP,26,1.77,4.7,4.4,93.9,0.6
"Singer, Brady",KCR,SP,25,4.24,3.43,3.31,93.8,2.9
"Woodruff, Brandon",MIL,SP,29,4.52,3.03,3.14,96.2,3.5
"Quantrill, Cal",CLE,SP,27,2.72,4.49,4.39,93.6,2.2
"Carrasco, Carlos",NYM,SP,35,3.71,3.6,3.45,92.9,2.4
"Rodon, Carlos",SFG,SP,29,4.56,2.83,2.91,95.6,6.2
"Kuhl, Chad",COL,SP,29,1.9,4.8,4.78,92.8,0.5
"Morton, Charlie",ATL,SP,38,3.25,3.48,3.6,94.9,1.5
"Archer, Chris",MIN,SP,33,1.75,4.76,4.57,93.1,0.5
"Bassitt, Chris",NYM,SP,33,3.41,3.75,3.72,92.9,2.7
"Flexen, Chris",SEA,SP,27,1.89,5.04,5.05,91.7,0.5
"Kershaw, Clayton",LAD,SP,34,5.96,2.98,2.83,90.8,3.8
"Irvin, Cole",OAK,SP,28,3.56,4.37,4.35,90.6,1.4
"Burnes, Corbin",MIL,SP,27,4.76,2.91,2.85,96.3,4.6
"Kluber, Corey",TBR,SP,36,6.62,3.85,3.92,88.9,3
"Javier, Cristian",HOU,SP,25,3.53,3.28,3.6,93.9,3.1
"Hudson, Dakota",STL,SP,27,1.3,5.08,4.8,91.8,1
"Dunning, Dane",TEX,SP,27,2.21,4.17,4.03,89.5,0.9
"Lynch, Daniel",KCR,SP,25,2.35,4.34,4.3,94,0.7
"Kremer, Dean",BAL,SP,26,2.63,4.52,4.41,93.2,1.7
"Rasmussen, Drew",TBR,SP,26,4.03,3.74,3.56,95.5,2.9
"Smyly, Drew",CHC,SP,33,3.5,4.06,4.18,92.6,1.3
"Bundy, Dylan",MIN,SP,29,3.36,4.65,4.7,89.2,0.7
"Cease, Dylan",CHW,SP,26,2.91,3.48,3.5,96.8,4.4
"Lauer, Eric",MIL,SP,27,2.66,4.07,4.08,93.4,1.1
"Fedde, Erick",WSN,SP,29,1.62,5,4.74,92.6,0.4
"Valdez, Framber",HOU,SP,28,2.9,3.14,2.99,94,4.4
"Montas, Frankie",- - -,SP,29,3.3,3.74,3.61,95.9,2
"Kirby, George",SEA,SP,24,6.05,3.32,3.33,95.2,3
"Marquez, German",COL,SP,27,2.38,4.27,4.02,95.4,1.4
"Cole, Gerrit",NYY,SP,31,5.14,2.77,2.77,97.8,3.3
"Otto, Glenn",TEX,SP,26,1.73,4.83,4.82,92.2,0
"Ashcraft, Graham",CIN,SP,24,2.37,4.22,4.09,97.2,1.3
"Greene, Hunter",CIN,SP,22,3.42,3.33,3.64,99,1.6
"Anderson, Ian",ATL,SP,24,1.8,4.58,4.22,94,0.9
"Odorizzi, Jake",- - -,SP,32,2.46,4.59,4.7,92.1,1.3
"Kaprielian, James",OAK,SP,28,1.66,5.04,5.06,94.1,0.3
"Taillon, Jameson",NYY,SP,30,4.72,3.84,3.79,94.2,2.3
"Springs, Jeffrey",TBR,SP,29,4.75,3.36,3.33,91.5,2.6
"Luzardo, Jesus",MIA,SP,24,3.43,3.28,3.11,96.1,2.2
"Musgrove, Joe",SDP,SP,29,4.38,3.45,3.47,92.9,3.5
"Ryan, Joe",MIN,SP,26,3.21,3.98,4.35,92.1,2.1
"Cueto, Johnny",CHW,SP,36,3.06,4.52,4.39,91.5,2.5
"Gray, Jon",TEX,SP,30,3.44,3.56,3.46,96,1.8
"Heasley, Jon",KCR,SP,25,1.49,5.3,5.49,93.4,-0.5
"Lyles, Jordan",BAL,SP,31,2.77,4.36,4.39,91.5,1.4
"Montgomery, Jordan",- - -,SP,29,4.39,3.61,3.43,93.1,2.7
"Berrios, Jose",TOR,SP,28,3.31,4.13,4.21,94,1.1
"Quintana, Jose",- - -,SP,33,2.91,4.02,3.72,91.3,4
"Suarez, Jose",LAA,SP,24,2.94,4.04,3.97,92.6,1.5
"Urquidy, Jose",HOU,SP,27,3.69,4.14,4.27,93.6,1.3
"Gray, Josiah",WSN,SP,24,2.33,4.27,4.57,94.5,-0.6
"Brubaker, JT",PIT,SP,28,2.72,3.97,3.87,93.1,1.9
"Urias, Julio",LAD,SP,25,4.05,3.66,3.81,93.1,3.2
"Steele, Justin",CHC,SP,26,2.52,3.81,3.48,92.1,2.6
"Verlander, Justin",HOU,SP,39,6.38,3.09,3.23,95.1,6.1
"Gausman, Kevin",TOR,SP,31,7.32,2.94,2.75,95,5.7
"Bubic, Kris",KCR,SP,24,1.71,4.81,4.55,91.9,0.5
"Bradish, Kyle",BAL,SP,25,2.41,4.15,4.01,94.7,0.7
"Freeland, Kyle",COL,SP,29,2.47,4.51,4.48,90,2.6
"Gibson, Kyle",PHI,SP,34,3,4.06,3.94,91.8,1.8
"Wright, Kyle",ATL,SP,26,3.28,3.48,3.3,94.7,2.9
"Lynn, Lance",CHW,SP,35,6.53,3.35,3.44,92.7,1.9
"Gilbert, Logan",SEA,SP,25,3.55,3.84,3.78,96.2,3.2
"Webb, Logan",SFG,SP,25,3.33,3.56,3.31,91.9,4.2
"Giolito, Lucas",CHW,SP,27,2.9,3.79,3.66,92.6,1.8
"Castillo, Luis",- - -,SP,29,3.71,3.35,3.23,97.1,3.7
"Garcia, Luis",HOU,SP,25,3.34,3.77,3.82,94,2.1
"Severino, Luis",NYY,SP,28,3.73,3.37,3.38,96.3,1.4
"Bumgarner, Madison",ARI,SP,32,2.29,4.76,4.83,91.2,0.5
"Gonzales, Marco",SEA,SP,30,2.06,4.99,4.9,88.5,0.1
"Stroman, Marcus",CHC,SP,31,3.31,3.74,3.49,92.1,2
"Perez, Martin",TEX,SP,31,2.45,4.08,3.8,92.7,3.8
"Fried, Max",ATL,SP,28,5.31,3.31,3.09,93.9,5
"Scherzer, Max",NYM,SP,37,7.21,2.88,3.23,94.1,4.4
"Kelly, Merrill",ARI,SP,33,2.9,4.01,3.86,92.7,3.3
"Kopech, Michael",CHW,SP,26,1.84,4.73,4.83,94.9,1
"Wacha, Michael",BOS,SP,30,3.35,4.07,3.99,93,1.5
"Clevinger, Mike",SDP,SP,31,2.54,4.53,4.81,93.5,0.4
"Mikolas, Miles",STL,SP,33,3.92,3.96,3.78,93.3,2.7
"Keller, Mitch",PIT,SP,26,2.32,4.19,3.97,95.1,2.1
"Eovaldi, Nathan",BOS,SP,32,5.15,3.55,3.46,95.8,1
"Cortes, Nestor",NYY,SP,27,4.29,3.48,3.63,91.8,3.6
"Lodolo, Nick",CIN,SP,24,3.36,3.29,3.49,94.2,1.8
"Pivetta, Nick",BOS,SP,29,2.4,4.21,4.26,93.5,1.5
"Syndergaard, Noah",- - -,SP,29,3,4.43,4.32,93.8,2.2
"Lopez, Pablo",MIA,SP,26,3.28,3.71,3.56,93.6,2.8
"Corbin, Patrick",WSN,SP,32,2.61,4.33,4.21,92.7,0.8
"Sandoval, Patrick",LAA,SP,25,2.52,3.94,3.67,93.2,3.8
"Blackburn, Paul",OAK,SP,28,2.97,4.09,3.89,91.7,0.8
"Suarez, Ranger",PHI,SP,26,2.22,4.11,3.82,92.8,2.3
"Detmers, Reid",LAA,SP,22,2.65,4.12,4.2,93.2,2.3
"Hill, Rich",BOS,SP,42,2.95,4.13,4.12,88.3,1.8
"Ray, Robbie",SEA,SP,30,3.42,3.5,3.58,93.4,1.8
"Stripling, Ross",TOR,SP,32,7.14,3.69,3.6,91.5,3.1
"Alcantara, Sandy",MIA,SP,26,4.14,3.42,3.29,97.9,5.7
"Manaea, Sean",SDP,SP,30,3.02,3.95,3.99,91.2,1
"Bieber, Shane",CLE,SP,27,5.5,3.21,2.98,91.3,4.9
"McClanahan, Shane",TBR,SP,25,5.11,2.82,2.6,96.8,3.5
"Ohtani, Shohei",LAA,SP,27,4.98,2.73,2.65,97.3,5.6
"Gray, Sonny",MIN,SP,32,3.25,3.73,3.66,92.1,2.4
"Strider, Spencer",ATL,SP,23,4.85,2.41,2.2,98.1,4.2
"Walker, Taijuan",NYM,SP,29,2.93,4.05,3.88,93.5,2.5
"Skubal, Tarik",DET,SP,25,3.66,3.58,3.4,94.4,2.9
"Gonsolin, Tony",LAD,SP,28,3.4,3.74,3.69,93.2,2.7
"Rogers, Trevor",MIA,SP,24,2.36,4.2,4.11,94.6,0.8
"McKenzie, Triston",CLE,SP,24,4.5,3.53,3.72,92.6,3.6
"Anderson, Tyler",LAD,SP,32,3.82,4.13,4.17,90.5,3.7
"Mahle, Tyler",- - -,SP,27,2.93,3.88,4.03,93.3,2.1
"Wells, Tyler",BAL,SP,27,2.71,4.53,4.6,93.6,0.9
"Darvish, Yu",SDP,SP,35,5.32,3.39,3.58,95,4.2
"Gallen, Zac",ARI,SP,26,4.09,3.32,3.31,94.2,4.3
"Davies, Zach",ARI,SP,29,1.96,4.71,4.57,89.6,0.5
"Plesac, Zach",CLE,SP,27,2.63,4.46,4.39,92,0.9
"Thompson, Zach",PIT,SP,28,1.85,4.75,4.51,92.3,0
"Greinke, Zack",KCR,SP,38,2.7,4.84,4.54,89.2,1.9
"Wheeler, Zack",PHI,SP,32,4.79,3.19,3.06,95.8,4.1
